TEMPERATURE (degree C),pH,FERMENTATION TIME (DAYS),SUBSTRATE CONCENTRATION (%),AGITATION RATE (rpm),EXPERIMENTAL XYLANASE ACTIVITY (U ml-1)
45.0,6.0,7.0,5.0,110.0,2.89
40.0,6.0,7.0,3.0,110.0,35.83
40.0,6.0,7.0,3.0,110.0,40.06
35.0,6.0,7.0,5.0,110.0,53.62
40.0,5.0,7.0,1.0,110.0,40.16
35.0,6.0,6.0,3.0,110.0,40.19
45.0,5.0,7.0,3.0,110.0,1.99
40.0,6.0,6.0,3.0,140.0,40.85
40.0,5.0,7.0,5.0,110.0,51.88
40.0,6.0,7.0,5.0,80.0,59.96
40.0,6.0,6.0,5.0,110.0,37.57
40.0,6.0,6.0,3.0,80.0,49.66
40.0,7.0,8.0,3.0,110.0,36.18
40.0,7.0,7.0,3.0,140.0,41.71
40.0,6.0,7.0,5.0,140.0,27.53
35.0,6.0,7.0,3.0,80.0,34.24
40.0,6.0,8.0,3.0,140.0,41.13
45.0,6.0,8.0,3.0,110.0,2.16
40.0,6.0,8.0,3.0,80.0,56.83
40.0,7.0,7.0,1.0,110.0,39.64
35.0,5.0,7.0,3.0,110.0,43.6
40.0,6.0,7.0,1.0,140.0,26.51
40.0,6.0,7.0,3.0,110.0,46.62
40.0,5.0,7.0,3.0,80.0,54.82
40.0,6.0,7.0,3.0,110.0,51.58
45.0,7.0,7.0,3.0,110.0,2.13
45.0,6.0,6.0,3.0,110.0,5.15
40.0,7.0,7.0,3.0,80.0,61.92
45.0,6.0,7.0,3.0,80.0,4.18
45.0,6.0,7.0,1.0,110.0,0.965
45.0,6.0,7.0,3.0,140.0,4.057
35.0,6.0,8.0,3.0,110.0,50.63
40.0,7.0,7.0,5.0,110.0,49.79
40.0,7.0,6.0,3.0,110.0,40.72
40.0,6.0,8.0,5.0,110.0,54.56
40.0,6.0,7.0,1.0,80.0,39.36
40.0,5.0,7.0,3.0,140.0,44.77
40.0,6.0,6.0,1.0,110.0,32.01
35.0,6.0,7.0,3.0,140.0,45.03
35.0,6.0,7.0,1.0,110.0,32.57
40.0,6.0,8.0,1.0,110.0,57.38
40.0,5.0,8.0,3.0,110.0,58.61
40.0,6.0,7.0,3.0,110.0,37.74
40.0,6.0,7.0,3.0,110.0,36.29
35.0,7.0,7.0,3.0,110.0,43.05
40.0,5.0,6.0,3.0,110.0,41.95
45.35737817275286,5.927043800264645,7.059516286446626,5.098139334883316,111.30845349294503,2.89
40.021572752691135,5.951497790697354,7.044842275779801,2.8497542695768376,106.41274987629136,35.83
39.68639403277936,5.932564357473562,6.959244825975107,3.0226013245817964,111.03157330620256,40.06
34.943929559043156,5.937129861391197,7.001280968869207,5.038420445366088,109.48682010154515,53.62
39.627929624629104,4.936564621154288,6.991585602396506,1.0365915063782896,109.32396471625363,40.16
35.13209641753945,5.967038517582149,6.027951752579316,2.946171140436217,110.94550809663662,40.19
45.145019579702435,5.01752049920702,7.062465325654413,3.0324384410669682,110.44484305076266,1.99
39.30844230554967,6.04437235818593,6.018152845903629,2.884863126477426,141.05464620266653,40.85
40.1836055665341,5.017934925752483,6.990287258371936,5.071589863228557,108.24274848002739,51.88
40.017920244226296,5.978262226580614,7.028703332188825,4.848598734298394,82.51034266635402,59.96
39.50513189025269,5.983763777286905,5.874821664724687,5.084477230839592,110.89250352731251,37.57
39.386579453096914,6.061482972379064,6.136791601938282,2.9372589374325075,79.38912639339222,49.66
39.86475473089302,6.951361368378262,8.028494287716043,3.230061126897489,111.04481534611884,36.18
39.34059685431205,7.031960788282812,7.024593551701938,3.010678705460969,138.095153589953,41.71
39.89997458259848,5.974960218807267,7.0411079231945894,5.005346593969639,139.61059309791352,27.53
34.65284851909995,6.0788139699870865,6.921457132322965,2.8823496909794555,80.28065912387189,34.24
39.53084926086657,6.020386512248486,7.982147250958877,3.209971200180402,138.6845801712196,41.13
44.98807434854409,5.956926478681127,8.042095998847644,2.9858506624885695,111.79069013213442,2.16
40.07797111215736,6.026917421924519,7.945920037228595,3.141924733460901,79.97259373283707,56.83
39.84246063514054,6.965388040453805,7.06965695158753,0.9235851197852676,110.00322236725488,39.64
35.17088297728378,4.981700886054945,7.03769780483748,3.168369829251296,106.10683838524636,43.6
40.1158274606674,6.017985843142862,6.991644837041769,0.8492161278569816,141.92070827411456,26.51
40.087416337123855,6.041351488889952,7.01022284990275,3.1516058243641205,110.6918361982168,46.62
40.32072355555193,4.966486068365578,6.976448260732837,2.871711294242617,82.15792539978301,54.82
39.97401896945157,6.0163177746049366,6.962661645482221,2.890905059108377,109.12906610968807,51.58
44.881551647542665,7.053462862913032,7.088283526059899,3.205169780492752,111.23009337289976,2.13
44.352786807374535,6.148856294140276,5.970062744855349,3.128403971504009,108.5916041209315,5.15
39.86649796056497,6.986418157787366,7.00494968135861,3.0634718100242044,80.75242189120588,61.92
44.95548846098001,6.102409574499225,7.005762980766694,3.1304725267910976,79.59138582983084,4.18
44.62525951465585,6.02372034979383,7.017842939668244,1.0553060585428895,111.15160982214186,0.965
45.16683057266478,6.00216495806273,7.02549814157608,2.9620273019318666,138.8613217882304,4.057
34.78131960322932,5.984641910819944,7.918312270301574,2.828643455912441,110.36937778102678,50.63
39.806471185641584,6.973310801655962,6.98738470795239,4.816503952382553,110.16681621451207,49.79
40.045238482936725,6.991738623394273,5.990715158942722,2.918856311677372,110.70956629211749,40.72
40.70738829845309,5.9971343857044825,8.051198859093462,5.355270291070666,108.20624079420364,54.56
39.635829129237,5.977177677933064,6.935689802787535,1.018691265656595,78.2948105083849,39.36
39.39783556327589,4.930894166938765,6.948231668956946,2.6739567946969633,142.85517398256493,44.77
40.032984977303734,6.018002252590882,5.940249937949898,1.097380000353675,111.23264522550889,32.01
34.8791075985636,6.01508781272819,7.018940861215692,2.8943236163087462,137.74888440584894,45.03
35.54553251872097,5.918805417898418,6.9848293900770155,1.0269153501127821,109.83319432854543,32.57
40.25248783811895,6.065119801162244,7.880019052671328,1.1370144547554462,106.85416355881458,57.38
39.84996851701734,4.890977652848244,8.09171300567272,2.9802127578404165,110.20480494711246,58.61
39.58752250126347,6.047092846071617,7.062907802256156,3.2247356501755355,111.44907638608794,37.74
39.70125208279321,5.929629142466218,6.849181977334593,3.0961151659395005,112.71389964485218,36.29
35.03912436925632,7.0499439404304844,7.031827563513739,2.999923206058606,110.20336005426064,43.05
40.153446226849624,4.855409624364228,5.978726916831125,3.012929702168716,110.74165322197575,41.95
